Adjetivo;Alimento;Animal;App ou site;Artista;Ator;Automóvel;Ave;Banda;Bebida;Brinquedo;Cantor;Cantora;Cantor Brasileiro;Capital;Carro;Celebridade;CEP;Cidade;Cidade (USA /US);Cidade do Brasil;Comida;Comida saudavel;Condado (USA /US);Cor;Cor em Inglês;Desenho Animado;Doce;Doenca;Elemento Químico;Eletro eletronico;Especialidade (Área do Conhecimento);Esporte;Esportista;Fantasia;Filme;Filme do Brasil;Flor;FLV;Fruta;Game;Gentílico;Idioma;Ingrediente;Inseto;Instrumento musical;JLR;Liquido;Mamífero;Marca;Medo;Meio de transporte;Mineral;Moeda;Moto;msé;Música;Nome;Nome feminino;Nome Masculino;Novela;Objeto;País;Palavra em espanhol;Palavra em Ingles;Papa;PCH;PDA;Personagem;Personagem BBB;Personagem Bíblico (Bíblia);Personagem Ficticio;Presente;Profissão;Programa de TV;RAÇA DE CACHORRO;REMÉDIO;Sabor de pizza;Sabor de sorvete;Sentimento;Série;Sobrenome;SUPER-HEROI;Time;Time do Brasil;Verbo;Vestuario;Vilão
Agradável; Arroz; Anta;accuweather.com; Angélica; Aíton Graça; Apollo; Andorinha; ABBA;Absinto;Aquaplay;Almir Sater ;Alcione ; Anitta; Assunção (Paraguai); Astra;André Marques ; Agudos; Atenas; Avon; Alegre; Abacaxi;Abacaxi; Amador; Azul; Aqua (Água); Astro Boy ;Arroz-doce;Acne; Alumínio;Aspirador; Administração; Atletismo;ALAIN PROST ;Alice no pais das maravilhas; Amélia; Acquária;Acácia;Abacate;Abacate; Alundra; Angolana;Alemão;Alho Poró;Abelha;Acordeão;A Bússola De Ouro ;Absinto; Alce; Amafil; Afobia;Aerobarco; Ametista; Ariary; Airhead; Antipático; Aline; Alex;Ana ;Alex;Abnegação; Abajur; Argentina;Adiós;all; Agatão;Anus;Aquaman; Ariel; Amanda; Adão;Hannibal Lecter;anágua;Acrobata ;Alô Christina ;Afghan Hound; Amoxicilina;Alho Poró; Abacaxi; Alegria;Absentia; Alves;Aquaman; Arsenal; Atlético;Andar;anágua;Hannibal Lecter
Alegre; Bolo; Boto;allrecipes.com; Bottelho; Ana Rosa ; Bora; Bandeirinha; Blitz;Agua mineral;Boneca;Amado Batista ;Anitta ; Armandinho ; Brasília (Brasil); Belina;Angélica ; Amazonas; Bagdá; Boston; Bandeira; Banana;Banana; Bacon; Branco; Black (Preto); Ben 10 ;Bala ;Alergias; Berílio;Batedeira; Botânica; Basquetebol;ALEXANDER POPOV ;Arbitro de futebol; Bruno; Besouro;Agapanto;Cajú;Abacaxi; Bastard; Boliviano;Brasileiro;Alho e Óleo;Barata;Banjo;A Culpa É das Estrelas ;Agua mineral; Baleia; Bombril; Biofobia;Aeroluge; Blenda; Bolivar; Boulevard; Boa; Brigas; Ana ;Beatriz;Bruno ; Bambolê; Boneca; Brasil;Ahora;before; Bento I;Bacia;Ariel; Boitatá; Bambam; Bela;A Rainha;Avental;Adestrador ;Amigos ;airedale terrier; Betazol;Alho e Óleo; Banana; Bravura;Absolutely Fabulous; Barbosa;Batman; Barcelona; Botafogo;Banhar;Avental;A Rainha
Anta; Dendê; Dromedário;amazon.com; Donatello; Bruno de Luca ; Domino; Diuca; Detonautas;Agua tonica;Bambolê;Barrerito ;Bruna Karla ; Byafra ; Dublin (Irlanda); Del Rey;Belmonte ; Bahia; Damasco; Dalton; Divino; Damasco;Caju; Dolores; Dourado; Dark Red (Vermelho Escuro); Doug ;Beiju ;Anemia; Dúbnio;Coifa; Desenho; Decatlo;ANDERSON SILVA ;Batmoça; Desejo; Desenrola;Alamanda;Damasco;Abiu; Descent; Dominicano;Canadiano;Alicci;Grilo;Clarinete;A Menina do Vale;Agua tonica; Doninha; Danone; Dorafobia;Aiola; Distena; Dólar; Daytona; Doida; Decida; Beatriz;Carla;Carlos ; Dez Vidas; Diário; Dominica;Amigo;carnival; Dono;Cerebro;Astro Boy ; Don Juan; Dourado; Davi;Alex DeLarge;blusa;Advogado ;Astros ;Akita; Dipirona;Alicci; Damasco; Desejo;Ad Vitam; Dias;Cyclops; Dínamo; Democrata;Calar;blusa;Alex DeLarge
Babaca; Espinafre; Elefante;aol.com; Eliana; Caio Blat; Elfin; Ema; Eagles;Aquavit;Bilboquê;Bezerra da Silva ;Cassiane ; Cassiane; Estocolmo (Suécia); Elba;Bottelho ; Braúna; Engels; Eureka; Esperança; Embaúba;Damasco; Esmeralda; Escarlate; Emerald (Esmeralda); Evangelion ;Bolacha ;Anorexia Nervosa; Estanho;Depurador; Enfermagem; Esgrima;ANDRÉ AGASSI ;Batman ; Elektra; Estranhos;Alecrim;Figo;Abricó; Equinox; Espanhola;Dinamarquês;Bacon;Joaninha;Dutar;A Menina e o Porquinho ;Aquavit; Esquilo; Eletrolux; Eritofobia;Ambulância; Euxenita; Euro; Eliminator; Elegante; Especial; Bruno ;Dara;Diego ; Escalada; Escada; Espanha;Antes;dinosaur; Eusébio;Dedo;Batman; Emília; Estela; Eva;Alex Forrest;bermuda;Aeromoça ;Balanço Geral ;American Staffordshire Terrier; Epicilina;Americana; Embaúba; Equilíbrio;After Life; Esteves;Demolidor; Estudiante; Estanciano;Dançar;bermuda;Alex Forrest
Bonita; Goiaba; Girafa;apartments.com; Glória Maria; Dedé Santana; Gurgel; Garrincha; Genesis;Blood Mary;Bola;Byafra ;Daniela Mercury ; Damares; Gaborone (Botswana); Gol;Briáxis ; Canela; Guelph; Goodyear; Gentil; Gravatá;Espinafre; Garfield; Grená; Golden (Dourado); Garfield ;Bolo ;Apendicite Aguda; Germânio;Enceradeira; Geografia; Ginástica;AYRTON SENNA ;Branca de neve; Gilda; Gabriela;Alfazema;Guaraná;Abóbora; Galaga; Grega;Espanhol;Brócolis;Cubim;Espineta;A Menina Que Roubava Livros ;Blood Mary; Gambá; Gillette; Gatofobia;Animal; Grafite; Guarani; Goldwing; Gentil; Giuliana; Carla;Eva ;Elias; Gabriela; Gaita; Grécia;Bajo;elephant; Gregório I;Estomago;Ben 10 ; Gavroche; Geralda; Golias;Alonzo Harris;capa;Agrônomo ;Bambuluá ;australian cattle dog; Glicina;Bacon; Gravatá; Gentileza;All American; Gonçalves;Elektra; Genoa; Grêmio;Escalar;capa;Alonzo Harris
Burra; Hobza; Hiena;apple.com; Hilda Hilst; Dira Paes ; Hummer; Harpia; Hibria;Bourbon;Bicicleta;Chico Buarque ;Elba Ramalho ; Daniel ; Havana (Cuba); HB20;Béatrix Beck ; Colômbia ; Hamilton; Helena; Harmonia; Heisteria;Feijão; Hall; Herbal; Heliotrope (Heliotrópio); He-Man ;Beijinho;Artrite; Hélio;Fogão; História; Hipismo;BABE RUTH ;Bruxa; Hulk; Hoje;Alisso;Ingá;Acerola; HeXen; Haitiano;Francês;Calabresa;Formiga;Flauta;A Sangue Frio ;Bourbon; Hipopótamo; Havaianas; Heliofobia;Astronave; Hialita; H??; Hayabusa; Honesta; Herança; Carlos ;Fátima;Francisco ; Helena; Harpa; Hungria;Beber;fill; Hilário;Faringe;Cinderella; Hércules; Harry; Herodes;Amon Göth;calça;Alfaiate ;Brothers ;Australian Cattle Dog (Boiadeiro Australiano); Halazona;Baiana; Heisteria; Honestidade;Almost Human; Herrera;Flash; Huracán; Horizonte;Falar;calça;Amon Göth
Cínica; Jícama; Jumento;att.com; John Graz; Eva Wilma ; Jeep; Jacu; Journey;Cachaça;Casinha de boneca;Daniel ;Gal Costa ; Elba Ramalho ; Jacarta (Indonésia); Jetta;Carybé ; Delaware; Jerusalém; Jackson; Jatobá; Jatobá;Gravatá; Jones; Jasmim; Jasmine (Jasmim); Johnny Bravo ;Cajuzinho;Asma; J??;Geladeira; Jornalismo; Judô;BECKENBAUER ;Cauboi; Jezebel; Jenipapo;Amarílis;Jamelão;Ameixa; Juiced; Japonês;Grego;Escarola;Mosca;Gaita;Alice ;Cachaça; Jaguar; Joma; Japanofobia;Atakebune; Jade; J??; J??; Jóia; Juro; Dara;Geralda ;Gabriel; João Pão; Jarra; Japão;Bien;gore; João I;Garganta;Ciclope; Jigsaw; Jean; Jesus;Annie Wilkes;chapeu;Almirante ;Charme ;basenji; Josamicina;Bolonhesa; Jatobá; Justiça;Alone Together; Juarez;Green; Juventus; Juventude;Gabar;chapeu;Annie Wilkes
Corajosa; Kolache; Kudu;bankofamerica.com; Keith Haring; Fábio Assunção; Kombi; Lagarteiro; Kiss;Caipirinha;Carrinho;Di Paullo e Paulino ;Ivete Sangalo ; Fafá de Belém; Kigali (Ruanda); Kingsway;Cecília Meireles ; Dinamarca ; Kenora; Killen; Kaloré; Kabosu;Hobza; Kent; Kiwi; Khaki (Caqui); Kid vs. Kat ;Chocolate ;Azia (Acidose); Kalium (Potássio);Inalador; Letras; Karate;BJORN BORG ;Cinderella; Kedma; Kenoma;Amor-perfeito;Morango;Amora; Kessen; Kiribatiano;Holandês;Frango;Pulga;Idiofone;Ardil 22 ;Caipirinha; Kudu; Kappa; Katsaridafobia;Avião; Kobellita; Kuna; Kansas; Kardecista; K.O.; Diego ;Helena;Henrique ; Kachorra; Kunai; Kiribati;Bueno;helicopter; Lino;Intestino;Demolidor; Kakashi; Karla; Kenan;Auric Goldfinger;camisa;Almoxarife ;Chaves ;basset hound; Lactose;Bréscia; Kabosu; Liberdade;Altered Carbon; Klein;Hulk; Kashima Antlers; Kapital;Herdar;camisa;Auric Goldfinger
Covarde; Mandioca; Morcego;bbc.com; Maria Graham; Glória Pires; Maverick; Narceja; Metallica;Caipivodka;Dominó;Ed Motta ;Jamily ; Gal Costa; Madrid (Espanha); Monza;Cândido Portinari ; Encanto; Mascate; Mesa; Macieira; Maçã;Ingá; Mineral; Marrom; Moccasin (Mocassim); Marsupilami ;Churro ;Bronquite; Mercúrio;Liquidificador; Nutrição; Maratona;BO JACKSON ;Cleopatra; Malícia; Motel;Antúrio;Nectarina;Ananás; Mafia; Mexicana;Indiano;Frango Caipira;;Jingle Stick;Boa Noite, Lua ;Caipivodka; Macaco; Miojo; Mitofobia;BRT; Niobite; Metical; Marauder; Manhosa; Mãe; Elias;Iracema ;Inácio; Mãe; Martelo; Marrocos;Chico,;idiot; Nicolau I;Joelho;Doug ; Madeline; Munik; Maria;Baby Jane Hudson;camiseta;Anestesista ;Clipmania ;Beagle; Nicotina;Brócolis; Maçã; Nostalgia;American Crime; Martins;IronMan; Milan; Mixto;Imitar;camiseta;Baby Jane Hudson
Desaforada; Nachos; Naja;bestbuy.com; Novalis; Gracindo Júnior ; Nissan; Ógea; Natiruts;Cerveja;Escorregador;Edson e Hudson ;Joanna ; Gilberto Gil ; Niamey (Níger); Nardo;Di Cavalcanti ; Equador ; Nairóbi; Nashville; Natal; Nêspera;Iogurte; Nelson; Neve; Nyanza (Nyanza); Naruto ;Cocada ;Brotoeja; Níquel;Microondas; Odontologia; Natação;BORIS BECKER ;Clovis; Nosferatu; Nina;Astromélia;Pêra;Anonácea; Nosferatu; Norueguês;Japonês;Catupiry;;Lira;Cozinha Confidencial ;Cerveja; Nutria; Nintendo; Neofobia;Balsa; Opala; Ngultrum; Ninja; Nojento; Nascente; Eva ;Joana;José ; Nacho; Navalha; Nigéria;Comer;jump; O??;Lingua;Elektra; Neck; Nasser; Noé;Bonnie Parker & Clyde Barrow;cueca;Antropólogo ;Corujão ;bernese mountain dog; Ociltida;Calabresa; Nêspera; Obediência;American Crime Story; Nogueira;Justice; Nacional; Náutico;Jantar;cueca;Bonnie Parker & Clyde Barrow
Desprezível; Pudim; Pato;britannica.com; Paulo Freire; Henri Castelli ; Porsche; Quelea; Pollo;Champagne;Fidget spinner;Eduardo Costa ;Kelly Key ; Hugo Pena ; Paris (França); Parati;Donatello ; Fartura; Praga; Paola; Pescador; Pera;Jícama; Phillips; Preto; Pink (Rosa); Pica-Pau ;doce-de-leite;Bruxismo; Polônio;Purificador; Química; Patinação;BRUCE LEE ;Coelhinha; Pânico; Podecrer!;Azaléia;Sapoti;Araçá; Plok; Peruana;Mandarim;Cheddar;;Maraca;Cozinhar: Uma História Natural Da Transformação ;Champagne; Paca; Polo; Pirofobia;Balão; Quartzo; Peso; POP 100; Perfeito; Princesa; Fátima;Karen;kleiton ; Paraíso; Pente; Portugal;Como;kill; Q??;Mão;Emília; Pinóquio; Paula; Priscila;Bruxa Malvada do Oeste;cinto;Apicultor ;Degrassi ;bichon frisé; Quimpirol;Calabresa Mineira; Pera; Querer;American Gods; Pereira;Kick-Ass; Porto; Palmeiras;Kickar;cinto;Bruxa Malvada do Oeste
Divertida; Quiabo; Quero-Quero;businessinsider.com; Qi Baishi; Irene Ravache; Quantum; Rolinha; Queen;Coca-cola;Forte apache;Fagner ;Maria Cecília e Rodolfo ; Ivan Lins; Quito (Equador); Qualis;Dora Parentes ; Flórida; Quilmes; Quantico; Quebrangulo; Quiuí;Kabosu; Quitman; Quartzo; Quartz (Quartzo); Quarteto Fantástico ;Enroladinho de doce de leite;Cabelo Oleoso; Q??;Refrigerador; Radiologia; Queimada;CARL LEWIS ;Colegial; Quicksilver; Quilombo;Begônia;Tangerina;Azeitona; Qix; Queniano;Norueguês;Gorgonzola;;Naqqara;Diário de Um Banana ;Coca-cola; Quati; Q-Boa; Quilofobia;Bandvagn; Rubi; Quetzal; Q??; Querida; Quando; Francisco ;Laura;Luciano ; Quatro por Quatro; Quadro; Quênia;Conocer;loser; Romano;Nádegas;Flash; Quasimodo; Q??; Quemuel;Caesar Enrico Bandello;casaco;Apóstolo ;Descontrole ;Bloodhound; Riluzol;Calabresa com Catupiry; Quiuí; Realização;American Gothic; Quadros;Lion-O; Querétaro; Quissamã;Limar;casaco;Caesar Enrico Bandello
Esperta; Soja; Sapo;ca.gov; Silvio Santos; Jardel Filho; Stanley; Tuiuiú; Scorpions;Conhaque;Futebol de botão;Fernando e Sorocaba ;Negra Li ; João Bosco; Sófia (Bulgária); Santana;Eli Heil ; Gana ; Santiago; Salem; Saúde; Sapoti;Leite de amendoas; Simpson; Salmão; Scarlet (Escarlate); Scooby-Doo ;Romeu e Julieta;Cabelos Secos; Silício;Secador; Teatro; Surfe;CRISTIANO RONALDO ;Darth Vader; Sabrina; Senhora;Beijo;Banana;Açaí; Saw; Sueco;Português;Hummus;;Ocarina;Duna;Conhaque; Sagüi; Samsung; Sitiofobia;Barca; Talco; Som; Savage; Sábia; Sufocado; Gabriel;Maria ;Marcos; Salomé; Sanfona; Suíça;Contento;mother; Teodoro I;Olho;Garfield ; She-Ra; Solange; Salomão;Capitão Bligh;cinta-liga;Arquiteto ;Domingugu ;Border Collie; Testosterona;Calabresa com Cheddar; Sapoti; Ternura;American Horror Story; Silva;Mandrake; Sevilla; São Paulo;Mimar;cinta-liga;Capitão Bligh
Estranha; Torresmo; Tamanduá;cbssports.com; Tunga; Juliana Paes ; Trojan; Urubu; Titãs;Daiquiri;Freesbe;Fábio Júnior ;Queila Leite ; Joelma ; Tóquio (Japão); Tempra;Eliana ; Goiabeira; Trípoli; Toledo; Tefé; Tamarindo;Limão; Tunica; Turquesa; Turquoise (Turquesa); Tom e Jerry ;Rocambole;Calafrios; Túlio;Televisão; Urbanismo; Tênis;DI STÉFANO ;Dragão; Tentação; Tiradentes;Bela Emília;Embu;Babaco; Tekken; Tunisiana;Russo;Lombo;;Piano;Em Busca de Sentido ;Daiquiri; Tatu; Toddy; Toxifobia;Barcaça; Ultramarina; Taka; Twister; Tímido; Telefone; Geralda ;Nara;Nilton ; Teresa; Tesoura; Tunísia;Cosa;nevwr; Urbano I;Penis;He-Man ; Tarzan; Thiago; Tiago;Cody Jarrett;disfarce;Artesão ;Encrenca ;Borzoi; Ureia;Camponesa; Tamarindo; União;American Housewife; Teixeira;Nightcrawler; Tijuana; Tupi;Nadar;disfarce;Cody Jarrett
Estúpida; Vieira; Veado;chase.com; Voltaire; Karina Bacchi ; Vemag; Xexéu; Viper;Fanta;Geleca;Gilberto Gil ;Quelly Silva ; Kelly Key ; Viena (Áustria); Vectra;Eric Gill ; Haiti ; Varsóvia; Vivian; Valente; Veludo;Mandioca; Valencia; Vermelho; Violet (Violeta); Vandread ;Farofa-doce;Cálculo Biliar; Vanádio;Umidificador; Xenobiologia; Voleibol;EMILIANENKO FEDOR ;Egipcio; Vírus; Verônica;Beladona;Laranja;Bacaba; Vexx; Vietnamita;Sueco;Lombo Especial;;Reco-reco;Fahrenheit 451 ;Fanta; Vaca; Viagra; Verbofobia;Barco; Willemite; Vatu; Valkyrie; Vulgar; Você; Helena;Olívia ;Odair; Vamp; Vassoura; Vietnã;Creer;object; X??;Radio;Hulk; Vickie; Valter; Vasti;Coringa;espartilho;Astrólogo ;Esquenta! ;Boston Terrier; Xamoterol;Crocante; Veludo; X??;American Vandal; Vieira;Orion; Verona; Vasco da Gama;Operar;espartilho;Coringa
Falsa; Waffle; Xaréu;cnbc.com; William Kentridge; Lília Cabral; Windstar; Zaragateiro.; Warhorse;Gin;Ioio;Gino e Geno ;Rita Lee ; Leonardo; Washington (Estados Unidos); Wish;Fausto Silva ; Harda; Winchester; Williams; Wanderley; Wampi;Maçã; White; Xanadu; White (Branco);Will e Dewitt ;Geléia ;Calos E Milhos: Pés e Mãos; Wolframium (Tungstênio);Ventilador; Zoologia.; Wakeboard;EVANDER HOLYFIELD ;Elvis Presley; Walesa; Wilsinho Galiléia;Boca-de-Leão;Romã;Bacuri; Wordtris; Wagnense;Tailandês;Molho;;Sanfona;Garota Exemplar ;Gin; Cabra; Wilson; Xilofobia;Barinel; Xisto; Won; WR 450F; Wildiano; Work; Henrique ;Priscila ;Paulo; Windeck (O Preço da Ambição); Webcam; X??;Cuando;parking; Zacarias.;Sangue;Hércules; Wolverine; Wesley; Xerxes;Cruella de Vil;farda;Astrônomo ;Estrelas ;boston-terrier; Zaldarida.;Escarola; Wampi; Zelo.;American Woman; Wahnon;Punisher; Watford; Wenceslauense;Patinar;farda;Cruella de Vil
Feia; Yakisoba; Cavalo;cnet.com; Yves Klein; Malu Mader; Yamaha; Codorna; Yes;HiFi;Lego;Gusttavo Lima ;Roberta Miranda ; Michel Teló; Yamoussoukro (Costa do Marfim); Yaris;Felícia Leirner ; Iconha; Yacuiba; Yuma; Zacarias.; Yuzu;Nêspera; Yancey; Cinza; Yellow (Amarelo); Yu-Gi-Oh! ;Goiabada ;Calvície e Queda De Cabelo; Yttrium (Ítrio);; Ciências; Zarabatana (Prova).;FALCÃO ;Empregada; Yol (O Caminho); Yndio do Brasil;Bonina;Uva;Banana; Yakuza; Yucateco;Ucraniano;Milho Verde;;Trompete;Grandes Esperanças ;HiFi; Foca; Ypê; Criofobia;Basculante; Zoisite.; Zloty.; YBR 125; Zangada.; Yesterday; Inácio;Quênia ;Queiroz; Yara; Yoyo (Ioiô); Chile;De;quit; Caio;Tornozelo;Inspetor Bugiganga ; Yoda; Yuri; Zaqueu.;Darth Vader;Fraque;Atacadista ;Fantasia ;Boxer; Cafeína;Frango; Yuzu; Calma;Angel; Yacoub;Quicksilver; Yokohama; Ypiranga;Queixar;Fraque;Darth Vader
Feliz; Zefati.; Furão;cnn.com; Ziraldo.; Murilo Benício ; Zagato.; Flamingo; Zero.;Irish Coffee;Melocoton;Henrique e Juliano ;Simony ; Miúcha ; Zagreb (Croácia).; Zafira.;Frans Post ; Indiana; Zurique.; Zion.; Cantá; Zitrone.;Oxicoco; Zapata.; Ferrugem; Zaffre (Zaffre).; Zé Colméia ;Iogurte ;Caspa; Zinco.;; Física; Corrida;FERENC PUSKAS ;Enferemeira; Zelig.; Zé do Periquito.;Borragem;;Baru; Zoop.; Zambiano.;;Mussarela;;Ud;Harry Potter e a Pedra Filosofal ;Irish Coffee; Iaque; Zoomp.; Fotofobia;Bateau-mouche; Cobre; Coroa; ZZR 1400.; Ciumento; Zé Macaia.; Iracema ;Regina ;Rafael; Zazá.; Zabumba.; Finlândia;Deber;roll; Francisco;Útero;IronMan; Zé Colméia.; Zulu.; Cristo;Dr. Christian Szell;gravata;Atendente ;Fantástico ;Buldogue Francês; Furfural;Frango Caipira; Zitrone.; Felicidade;Animal Kingdom; Zurita.;Rorschach; Zamora.; Zumbi.;Ralhar;gravata;Dr. Christian Szell
Gentil; Chocolate; Impala;craigslist.org; Cazuza; Ney Latorraca ; Corcel; Inhambu; Chicago;Jagermeister;NeoGeo;Hugo Pena e Gabriel ;Sula Miranda ; Netinho ; Caracas (Venezuela); Corolla;Fídias ; Jalisco; Cairo; Concord; Feliz; Caju;Pera; Cole; Índigo; Cream (Creme); CatDog ;Iyokan ;Catarata; Carbono;; Irrigação; Futebol;GABRIELA SABATINI ;Espantalho; Camilla; Carandiru;Botão de Ouro;;Bilimbi; Casper; Chilena;;Napolitana;;Violino;Homem Invisível ;Jagermeister; Lobo; Cral; Iofobia;Becak; Fenacite; Franco; Comet; Fraca; Carolina; Joana;Sandra;Sílvio ; Calúnia; Caneta; Índia;Decir;start; Inocêncio I;Vagina;Johnny Bravo ; Cinderella; Cida; Filipe;Drácula;hijab;Atleta ;Futurando ;Buldogue Inglês (Bulldog); Iodo;Frango com Catupiry; Caju; Igualdade;Another Life; Costa;Superman; Corinthians; Cruzeiro;Sentar;hijab;Drácula
Gorda; Feijão; Leão;dictionary.com; Fídias; Odete Lara; Fiesta; Macuco; Fresno;Kir Royale;Patinete;Hugo e Tiago ;Ursula Corona ; Olívia Hime; Freetown (Serra Leoa); Fusca;Geraldo Luís ; Jangada; Fortaleza; Frankfort; Ipê; Figo;Quiabo; Florence; Laranja; Feldspar (Feldspato); Futurama ;Jujuba ;Catarro (Excesso de Muco); Fósforo;; Medicina; Iatismo;GARETH EDWARDS ;Esqueleto; Felicidade; Fulaninha;Brassia;;Biribá; Frogger; Finlandês;;Nabo;;;Intérprete de Males ;Kir Royale; Onça; Ferrari; Logofobia;Belonave; Ilmenita; Iene; Factor; Ignorante; Fatalidade; José ;Tamara;Thales; Fatalidade; Faca; Lesoto;Desde;turn; Marcos;;Lion-O; Fausto; Fael; Isabel;Enfermeira Ratched;jaqueta;Ator ;Gentalha ;Bull Terrier; Morfina;Frango com Cheddar; Figo; Mistério;Another Period; Ferreira;Thing; Fiorentina; Flamengo;Tentar;jaqueta;Enfermeira Ratched
Grossa; Iogurte; Ovelha;ebay.com; Irene Vilar; Paolla Oliveira; Invicta; Perdiz; Ira!;Licor;Pião;Humberto e Ronaldo ;Valesca Popozuda ; Peninha; Islamabad (Paquistão); Ipanema;Glória Maria ; Karnataka; Indore; Indio; Limoeiro; Ingá;Romã; Imperial; Ocre; Ivory (Marfim); Inspetor Bugiganga ;Leite-condensado;Chulé; Índio;; Psicologia; Luta;GARRINCHA ;Fada; Infiel; Iracema;Brinco-de-Princesa;;Buriti; Ikaruga; Israelita;;Palmito;;;Invencível ;Licor; Rato; Isopor; Octofobia;Bergantim; Lazurita; Loti; Intruder; Luxento; Irresistível; Karen;Ursula;Ubaldo; Ilsa; Isqueiro; Omã;Donde;unsweet; Pedro;;Luluzinha ; Isabel; Inês; Lázaro;Eve Harrington;jaleco;Auxiliar ;Globo Rural ;Bulldog Francês; Puromicina;Gorgonzola; Ingá; Paz;Aquarius; Ibanez;Ultra; Internazionale; Internacional;Uivar;jaleco;Eve Harrington
Hipócrita; Leite; Rinoceronte;espn.com; Lísipo; Paulo Betti ; Land Rouver; Sabiá; Leela;Limonada;Peteca;Israel Novaes ;Vanusa ; Pitty ; Lisboa (Portugal); Logus;Guto Lacaz ; Kenya ; Luanda; Lafayette; Ouro; Limão;Rúcula; Luna; Rosa; Lilac (Lilás); Luluzinha ;Licor ;Cirrose do Fígado; Lutécio;; Sociologia; Orientação;GEORGE FOREMAN ;Fantasma; Lilith; Lamarca;Bromélia;;Butiá; Lifeline; Líbio;;Queijo;;;Jimmy Corrigan;Limonada; Urso; Lycra; Ritifobia;Betoneira; Prata; Ouguiya; Lander; Otária; Linda; kleiton ;Virginia;Vagner; Lado a Lado; Lanterna; Rússia;Durante;vagina; Silvério;;Mandrake; Lobisomem; Lia; Oséias;Frank Booth;jardineira;Avicultor ;Gordoshop ;bulldog ingles; Sacarose;Grega; Limão; Sabedoria;Arrow; Lopes;Vision; Lazio; Luverdense;Viajar;jardineira;Frank Booth
Honesta; Orégano; Urutau;etsy.com; Otto Dix; Quitéria Chagas ; Opel; Vissiá; Oasis;Mojito;Pogobol;Ivo Pessoa ;Wanessa Camargo ; Rita Lee; Oslo (Noruega); Omega;Harry Elsas ; Laos ; Ongole; Ola; Romaria; Oxicoco;Sapoti; Orange; Urucum; Orange (Laranja); One Piece ;Manjar;Cólera; Oxigênio;; Virologia; Rugby;GIBA ;Gangster; Osama; Olga;Buganvílea;;Cabeludinha; Oscar; Olindense;;Raiz-forte;;;Jogos Vorazes ;Mojito; Zorrilho.; Orient; Urofobia;Biarticulado; Sal; Real; Oree; Retardado; Obsessão; Laura;Xena;Wagner; Oasis; Óculos; Uganda;Echar;water; Vigílio;;Marsupilami ; Orik; O??; Rute;Freddy Krueger;jeans;Açaizeiro ;Hebe ;Bullmastiff; Vorozol;Havaiana; Oxicoco; Vigor;Aruanas; Oliveira;Xavier; Once Caldas; Operário;Weee;jeans;Freddy Krueger
Humilde; Rúcula; Zebra.;expedia.com; Rui Barbosa; Raul Cortez; Ranger;; Restart;Negroni;Pipa;João Bosco ;Xuxa ; Roberto Carlos ; Roma (Itália); Regata;Hilda Hilst ; Lara; Riga; Ray; Una; Romã;Soja; Rock; Zaffre.; Red (Vermelho); Riquinho ;Maçã do amor;Colesterol, Reduzindo o; Rádio;;; Ultimate Frisbee;GUGA ;Gueisha; Robôs; Redentor;Calibrachoa;;Cacau; Rez; Ruandesa;;Ruibarbo;;;K2 Vida e morte na montanha;Negroni;Anta; Racco; Zoofobia.;Bicicleta; Vivianite; U??; Repsol; Útil; Realidade; Luciano ;Zaira;Xavier; Redenção; Régua; Zimbábue.;El,;xenophobic;;;Naruto ; Rapunzel; Ronan; Uriel;Gordon Gekko;Kilt;Babá ;Hipertensão ;cane corso;;Humita; Romã;;Ash vs Evil Dead; Ramos;Wolverine; Real Madrid; Remo;Xingar;Kilt;Gordon Gekko
Idiota; Uvaia;;facebook.com; Ugo Foscolo; Samara Felippo; Ute;; U2;Pepsi;Playmobil;João Mineiro e Marciano ;Ylana Queiroga ; Simony ; Ulan Bator (Mongólia); Uno;Hugo Adami ; Manga; Unna; Ulysses; Xaxim; Uva;Tamarindo; Union;; Ultramarine (Azul Marinho); Ultra Maniac ;Mousse ;Conjuntivite; Urânio;;; Xadrez;HORTÊNCIA ;Harry Potter; Ultimate X; Urutau;Calla;;Cagaita; Uniracers; Ugandense;;Salsa;;;Kafka a beira do mar;Pepsi;Camelo; Unilever;;Bicitaxi; Yttria (Óxido de ítrio); Xelim; UH 200; Xardoso; Um Anjo; Marcos;Yara;Zoroastro; Uga Uga; Urinol;;Él,;yellow;;;Neck; Ururau; Uilliam; Yeshua;HAL 9000;legging;Bailarino ;Hora H ;cão de crista chinês;;Lombo; Uva;;Atlanta; Ulhoa;Yukk!; Universitario; Uberaba;Zarpar;legging;HAL 9000
Imbecil; Xerém;;finance.yahoo.com; Xie Zhiliu; Selton Mello ; Xantia;; Xandria;Pina colada;Pense Bem;Kamau ;Yudi Tamashiro ; Tânia Mara;Xanadu; Xsara;Irene Vilar ; México ; Xangai; Xenia;; Xixá;Uva; X??;; Xanadu (Xanadu); X-Men ;ovomaltine;Constipação; Xenônio;;;;HUGO PORTA ;Hippie; Xanadu; Xingu;Calêndula;;Cagaita; Xardion; Xexeuense;;Salsão;;;Kamasutra;Pina colada;Doninha; Xadrez;;Big rampa;;; XLR;; Xuxamego; Maria ;Wendy;Yago; Xica da Silva; Xícara;;Empezar;zoologic;;;Nightcrawler; Xuxu; Xaiane;;Hans Gruber;lenço;Balconista ;Intercine ;cavalier;;Lombo Especial; Xixá;;Atypical; Ximenes;Zorro; Xerez; Xanxerense;;lenço;Hans Gruber
Inteligente;;;foodnetwork.com;; Betty Lago;;;;Pisco;Quebra-cabeças;Leonardo ;Zezé Di Camargo e Luciano ; Bruna Karla;;;Isaac Newton ; Natal;;;;;Xixá;;;;;Pudim ;Depressão;;;;;IAN THORPE ;Homem aranha;;;Camomila;;Caimito;;;;Sálvia;;;Lincoln ;Pisco;Furão;;;Biposto;;;;;; Nara;;;;;;Encontrar;;;;Pica-Pau ;;;;Harry Lime;meia;Barbeiro ;Interligado ;Cavalier King Charles Spaniel;;Lombo com Catupiry;;;Baby;;;Asa;;;meia;Harry Lime
Jegue;;;forbes.com;; Cláudia Raia ;;;;Rum;Soldadinho de plástico;Luan Santana ;Zico e Zeca ; Chorão ;;;Ivan Serpa ; Nevada;;;;;Yuzu;;;;;Queijada ;Desmaio (Síncope);;;;;INIESTA ;Homem de lata;;;Camélia;;Caju;;;;Tahine;;;Lolita ;Rum;Gato/Gambá;;;Birreme;;;;;; Nilton ;;;;;;Entender;;;;Pinóquio;;;;Harry Powell;ombreira;Barman ;Jogo Aberto ;chihuahua;;Lombo com Cheddar;;;Babylon Berlin;;;Baraúnas;;;ombreira;Harry Powell
Jumenta;;;foxnews.com;; Edson Celulari;;;;Saque;Tamagotchi;Lucas Lucco ;Zizi Possi ; Ed Motta;;;Janine Borba ; Angola ;;;;;Zefati;;;;;Rabanada;Diabetes;;;;;IVANO BALIC ;Indio;;;Capuchinha;;Cajá;;;;Tomilho;;;Love Medicine;Saque;Impala;;;Bitrem;;;;;; Odair;;;;;;Entre;;;;Quasimodo;;;;J.J. Hunsecker;pijama;Bibliotecário ;Jornal Hoje ;chow chow;;Madalena;;;Bad Blood;;;Democrata;;;pijama;J.J. Hunsecker
Justa;;;gamepedia.com;; Fernanda Montenegro ;;;;Soda limonada;Telefone de lata;Michel Teló ;Zélia Duncan ; Fagner ;;;John Clare ; Butão ;;;;;Zitrone;;;;;Rapadura ;Diarréia e Disenteria;;;;;JAVIER SOTOMAYOR ;Jogador de futebol;;;Celósia;;Cajá-manga;;;;Urucum;;;Matadouro 5 ;Soda limonada;Javali;;;Boda Boda;;;;;; Olívia ;;;;;;Escuchar;;;;Rapunzel;;;;Jack Torrance;paletó;Bilheteiro ;Jovens Tardes ;cocker spaniel;;Maiale;;;Ballers;;;Empoli;;;paletó;Jack Torrance
Lerda;;;genius.com;; Helena Ranaldi;;;;Suco;Trenzinho;Nando Reis ;; Heloisa Rosa;;;Jorge Amado ; Colorado;;;;;;;;;;Sorvete ;Dispepsia, Má Digestão, Indigestão;;;;;JESSE OWENS ;Juiz de futebol;;;Chufa;;Calabaça;;;;Vinagre;;;Mau Começo ;Suco;Morsa;;;Bombardeiros;;;;;; Paulo;;;;;;Estar;;;;Riquinho ;;;;Joan Crawford;roupão;Biologista ;Karku (Karkú) ;Cocker Spaniel Americano;;Marguerita;;;Banshee;;;Gama;;;roupão;Joan Crawford
Linda;;;glassdoor.com;; Ítalo Rossi ;;;;Tequila;Zootropo;Netinho de Paula ;; Ivete Sangalo ;;;Keith Haring ; Dionísio;;;;;;;;;;Trufa ;Dor de Cabeça;;;;;JOE MONTANA ;Macaco;;;Ciclame;;Calabura;;;;Wasabi;;;Medo e Delírio em Las Vegas ;Tequila;Paca;;;Bonde;;;;;; Priscila ;;;;;;Fecha;;;;Scooby-Doo ;;;;Marcianos;sapato;Biomédico ;Legendários ;Cocker Spaniel Inglês;;Mexicana;;;Baptiste;;;Huracan;;;sapato;Marcianos
Louca;;;go.com;; Kadu Moliterno;;;;Uisque;;Orlando Silva ;; Kamau;;;Lia do Rio ; Espírito Santo;;;;;;;;;;Tâmara ;Enfisema;;;;;JOHAN CRUYFF ;Marilyn Monroe;;;Cinerária;;Cambuci;;;;Zimbro;;;Middlesex ;Uisque;Quati;;;Bote;;;;;; Queiroz;;;;;;Gracias;;;;She-Ra;;;;Max Cady;saia;Bispo ;Leão Livre ;collie;;Milho Verde;;;Barry;;;Joinville;;;saia;Max Cady
Mala;;;goodreads.com;; Lima Duarte ;;;;Vinho;;Oswaldo Montenegro ;; Luka ;;;Lima Barreto ; França ;;;;;;;;;;Xarope de guaraná;Estresse, Ansiedade, Nervosismo;;;;;JUAN MANUEL FANGIO ;Mulher maravilha;;;Clorofila;;Cambucá;;;;Zeste;;;Moneyball: O Homem que Mudou o Jogo ;Vinho;Suricate;;;Bote Inflável;;;;;; Quênia ;;;;;;Grande;;;;Superman;;;;Michael Corleone;sandália;Biógrafo ;Login ;Dachshund;;Mussarela;;;Bates Motel;;;Leiria;;;sandália;Michael Corleone
Meiga;;;google.com;; Nair Bello;;;;Whisky;;Ovelha ;; Negra Li;;;Lísipo ; Goiás;;;;;;;;;;;Fadiga Crônica;;;;;JULIO CESAR CHAVEZ ;Ninja;;;Clívia;;Caqui;;;;;;;Muito Longe de Casa ;Whisky;Tatu;;;Boxmover;;;;;; Rafael;;;;;;Gustar;;;;Tarzan;;;;Noah Cross;tênis;Biólogo ;Megatom ;Dachshund (Teckel);;Napolitana;;;Battlestar Galactica;;;Noroeste;;;tênis;Noah Cross
Metida;;;groupon.com;; Oscar Magrini ;;;;;;Pablo ;; Ovelha ;;;Maria Graham ; Havaí;;;;;;;;;;;Febre;;;;;KARCH KIRALY ;Palhaco;;;Colar-de-pérolas;;Carambola;;;;;;;Nascido para Correr ;;Veado;;;Brigue;;;;;; Regina ;;;;;;Haber;;;;Tom;;;;Norman Bates;terno;Boiadeiro ;Mixturação ;Dálmata;;Palmito;;;Battlestar Galactica: Blood and Chrome;;;Oeste;;;terno;Norman Bates
Neurótica;;;healthline.com;; Quimbé;;;;;;Paulo Ricardo ;; Quelynah ;;;Márcia X ; Itália ;;;;;;;;;;;Febre Amarela;;;;;KAREEM ABDUL JABBAR ;Pirata;;;Columéia-peixinho;;Cereja;;;;;;;O Amor nos Tempos do Cólera ;;Baleia;;;Buggy;;;;;; Sandra;;;;;;Hacer;;;;Ultraman;;;;O Caçador;tanga;Bombeiro ;Muvuca ;doberman;;Palmito Especial;;;Berlin Station;;;Queimadense;;;tanga;O Caçador
Nobre;;;homedepot.com;; Regina Duarte ;;;;;;Péricles ;; Sérgio Reis;;;Mário Quintana ; Jordânia ;;;;;;;;;;;Fraqueza, Cansaço, Fadiga;;;;;KARL MALONE ;Princesa;;;Copo de Leite;;Coco;;;;;;;O Apanhador no Campo de Centeio ;;Elefante/Esquilo;;;Bulldozer;;;;;; Sílvio ;;;;;;Hasta;;;;Visão;;;;Phyllis Dietrichson;vestido;Borracheiro ;NBlogs ;dogo argentino;;Parmegiana;;;Better Call Saul;;;Remo;;;vestido;Phyllis Dietrichson
Nojenta;;;ign.com;;;;;;;;Roberto Carlos ;;;;;Nadir Afonso ; Kohima;;;;;;;;;;;Furúnculos;;;;;KOBE BRYANT ;Romano;;;Coroa-de-Cristo;;Conde;;;;;;;O Conto da Aia ;;Hipopótamo;;;Cadeira de Rodas;;;;;;Thales;;;;;;Hola;;;;Wolverine;;;;Regan MacNeil / Pazuzu;xale;Botânico ;Nação ;Dogue Alemão;;Paulista;;;Better Things;;;Toledo/Treze;;;xale;Regan MacNeil / Pazuzu
Orgulhosa;;;imdb.com;;;;;;;;Ronnie Von ;;;;;Nancy Huston ; Limoeiro;;;;;;;;;;;Gases, Flatulência, Inchasso;;;;;LANCE ARMSTRONG ;Sereia;;;Cosmos de Chocolate;;Cupuaçu;;;;;;;O Décimo Primeiro Mandamento ;;Leão;;;Caiaque;;;;;;Thiago;;;;;;Hombre;;;;Xavier;;;;Regina Giddens;;Boxeador ;Note e Anote ;dogue de bordeaux;;Portuguesa;;;Beyond;;;Udinese;;;;Regina Giddens
Otária;;;indeed.com;;;;;;;;Sérgio Reis ;;;;;Nilo Previdi ; Minnesota;;;;;;;;;;;Gastroenterite;;;;;LARRY BIRD ;Storm Trooper;;;Cravina;;Damasco;;;;;;;O Diário de Anne Frank ;;Onça;;;Caminhão;;;;;;Ubiratan;;;;;;Hora;;;;Yoda;;;;Sr. Potter;;Cabeleireiro ;Olha Você ;dogue-alemao;;Q'Delícia;;;BH90210;;;Xerez;;;;Sr. Potter
Otimista;;;instagram.com;;;;;;;;Teodoro e Sampaio ;;;;;Odilon Redon ; Noruega ;;;;;;;;;;;Gengivite;;;;;LEBRON JAMES ;Super heroi;;;Cravo;;Dovyalis;;;;;;;O Grande Gatsby ;;Raposa/Rena;;;Campervan;;;;;;Ubaldo;;;;;;Ir;;;;Zorro;;;;Sra. Danvers;;Cabo ;Oradukapeta ;fila brasileiro;;Quatro Queijos;;;Big Little Lies;;;Zenit;;;;Sra. Danvers
Palhaça;;;irs.gov;;;;;;;;Thaeme e Thiago ;;;;;Ondina Pozoco ;;;;;;;;;;;;Gonorréia;;;;;MAGIC JOHNSON ;Vampiro;;;Crista-de-galo;;Durião;;;;;;;O Sol É Para Todos ;;Urso;;;Canoa;;;;;;Umbelina;;;;;;juego;;;;Zé Colméia ;;;;Sra. Joan Iselin;;Cacique ;Os Cupins ;Fox Paulistinha;;Quatro Stagione;;;Big Love;;;Cruz Azul;;;;Sra. Joan Iselin
Porca;;;khanacademy.org;;;;;;;;Toquinho ;;;;;Otto Dix ;;;;;;;;;;;;Hemorróida;;;;;MARADONA ;;;;Crisântemo;;Embaúba;;;;;;;On The Road ;;Zebu;;;Caravela;;;;;;Vagner;;;;;;Leer;;;;Zé Colméia.;;;;Terminator;;Cafeicultor ;Perfil ;golden retriever;;Romana;;;Billions;;;Fiorentina;;;;Terminator
Positiva;;;linkedin.com;;;;;;;;Ualas Baptista ;;;;;Paula Rego ;;;;;;;;;;;;Hepatite;;;;;MARK SPITZ ;;;;Cártamo;;Feijoa;;;;;;;Onde Vivem os Monstros ;;Bulafo;;;Cargueiro;;;;;;Vanderleia;;;;;;Llevar;;;;;;;;Tom Powers;;Caixa ;Popstars ;Greyhound;;Siciliana;;;Bitten;;;Ipatinga/Ibis;;;;Tom Powers
Querida;;;live.com;;;;;;;;Ulisses Guedes ;;;;;Pedro Américo ;;;;;;;;;;;;Hiperatividade;;;;;MARTA ;;;;Dendróbio;;Figo;;;;;;;Orgulho e Preconceito ;;Alpaca;;;Carreta;;;;;;Vanessa;;;;;;Malo,;;;;;;;;Tony Camonte;;Caldeireiro ;Provocações ;greyhound cachorro;;Texana;;;Black Lake;;;Macaé;;;;Tony Camonte
Retardada;;;login.yahoo.com;;;;;;;;Victor e Léo ;;;;;Pierre Bayle ;;;;;;;;;;;;Hipertensão (Alta Pressão Arterial);;;;;MARTINA HINGIS ;;;;Dente-de-leão;;Framboesa;;;;;;;Pé Na Estrada ;;Lebre;;;Carriole;;;;;;Wanessa;;;;;;Más;;;;;;;;Travis Bickle;;Camareira ;Qual é a Música? ;Griffon de Bruxelas;;Trento;;;Black Lightning;;;Paulista;;;;Travis Bickle
Ridicula;;;lowes.com;;;;;;;;Vinny ;;;;;Qi Baishi ;;;;;;;;;;;;Hipertireoidismo;;;;;MARTINA NAVRATILOVA ;;;;Dipladênia;;Fruta-do-conde;;;;;;;Persépolis ;;Hiena;;;Carro;;;;;;Wagner;;;;;;Mismo;;;;;;;;Tubarão;;Camelô ;Quarta Total ;husky siberiano;;Vegetariana;;;Black Mirror;;;Sousa;;;;Tubarão
Risonha;;;macys.com;;;;;;;;Xanddy ;;;;;Qorpo Santo ;;;;;;;;;;;;Hipotireoidismo;;;;;MESSI ;;;;Dália;;Fruta-pão;;;;;;;Servidão Humana ;;Homem;;;Carro americano;;;;;;Ximena;;;;;;Mucho;;;;;;;;Verbal Kint;;Caminhoneiro ;Quiz MTV ;jack russell terrier;;Veneza;;;Black Sails;;;Vasco;;;;Verbal Kint
Sacana;;;mail.yahoo.com;;;;;;;;Yudi Tamashiro ;;;;;Quirino da Silva ;;;;;;;;;;;;Incontinência Urinária;;;;;MICHAEL DOOHAN ;;;;Erva-doce;;Frutas do cerrado;;;;;;;Todos os Homens do Presidente ;;Vicunha;;;Carro de Bebê;;;;;;Yago;;;;;;Mujer;;;;;;;;Xenomorfo;;Capataz ;Radar ;kuvasz;;;;;Black Summer;;; Arsenal;;;;Xenomorfo
Safada;;;mapquest.com;;;;;;;;Zezé Di Camargo e Luciano ;;;;;Ratinho ;;;;;;;;;;;;Indigestão, Dispepsia;;;;;MICHAEL JOHNSON ;;;;Ervilha de Cheiro;;Glicosmis;;;;;;;Tudo Depende de Como Você Vê As Coisas ;;Zebra;;;Carroça;;;;;;Yara;;;;;;Muy;;;;;;;;;;Capitão ;Ressoar ;labrador;;;;;Black-ish;;; Barcelona;;;;
Simpática;;;mayoclinic.org;;;;;;;;Zico e Zeca ;;;;;Raul Gil ;;;;;;;;;;;;Inflamações;;;;;MICHAEL JORDAN ;;;;Espirradeira;;Goiaba;;;;;;;Uma Breve História do Tempo ;;;;;Carruagem;;;;;;Zuleide;;;;;;Nosotros;;;;;;;;;;Capoteiro ;Rockgol ;leao da rodesia;;;;;Blindspot;;; Dínamo;;;;
Tola;;;medicalnewstoday.com;;;;;;;; Adele ;;;;;Renina Katz ;;;;;;;;;;;;Insônia, Apnéia Do Sono;;;;;MICHAEL PHELPS ;;;;Estame;;Granadilla;;;;;;;Uma Dobra no Tempo ;;;;;Catamarã;;;;;;Zaira;;;;;;Nunca;;;;;;;;;;Caprinocultor ;Roda a Roda ;Leão da Rodésia – Rhodesian Ridgeback;;;;;Blood Drive;;; Estudiante;;;;
Trabalhadora;;;merriam-webster.com;;;;;;;; Akon;;;;;Romero Britto ;;;;;;;;;;;;Laringite, Rouquidão, Afonia;;;;;MICHAEL SCHUMACHER ;;;;Estrela-do-natal;;Graviola;;;;;;;Vale das Bonecas ;;;;;Cavalo;;;;;;;;;;;;Otro;;;;;;;;;;Caranguejeiro ;Satiricom ;Lhasa Apso;;;;;Bloodline;;; Genoa;;;;
Traíra;;;microsoft.com;;;;;;;; Beyoncé ;;;;;Sandra Cinto ;;;;;;;;;;;;Lúpus;;;;;MIKE TYSON ;;;;Eufórbia;;Groselha;;;;;;;Você está aí, Deus? Sou eu, Margaret ;;;;;Caça;;;;;;;;;;;;Para;;;;;;;;;;Carbonizador ;Stargame ;Lulu da Pomerânia (Spitz Alemão Anão);;;;;Blue Bloods;;; Huracán;;;;
Ultrapassada;;;mlb.com;;;;;;;; Celine Dion ;;;;;Silvio Santos ;;;;;;;;;;;;Malária;;;;;MONICA SELES ;;;;Flor-camarão;;Grumixama;;;;;;;Where the Sidewalk Ends ;;;;;Caíque;;;;;;;;;;;;Pensar;;;;;;;;;;Cardeal ;Super Pop ;Lulu da Pomerânia Spitz Alemão;;;;;Boardwalk Empire;;; Juventus;;;;
Única;;;msn.com;;;;;;;; Demi Lovato ;;;;;Siron Franco ;;;;;;;;;;;;Mau Hálito – Halitose;;;;;MUHAMMAD ALI ;;;;Flor-de-maio;;Guabiju;;;;;;;Windows 95: Guia do usuário;;;;;Cegonheira;;;;;;;;;;;;Poder;;;;;;;;;;Caricaturista ;Telecurso ;malamute do alasca;;;;;Bodyguard;;; Kashima Antlers;;;;
Útil;;;netflix.com;;;;;;;; Dr. Dre;;;;;Tarsila do Amaral ;;;;;;;;;;;;Nausea;;;;;NADIA COMANECI ;;;;Flor-de-mel;;Guabiroba;;;;;;;Xadrez Mortal;;;;;Chalana;;;;;;;;;;;;Poner;;;;;;;;;;Carpinteiro ;Tentação ;Maltês;;;;;Bonding;;; Milan;;;;
Vaca;;;nfl.com;;;;;;;; Enya ;;;;;Teolinda Gersão ;;;;;;;;;;;;Olhos Vermelhos;;;;;NIKOLAI ANDRIANOV ;;;;Flor-pelicano;;Guaraná;;;;;;;Xisto no espaço;;;;;Chalupa;;;;;;;;;;;;Por;;;;;;;;;;Carreiro ;Trolalá ;maremano abruzes;;;;;Bones;;; Nacional;;;;
Valente;;;nih.gov;;;;;;;; Fergie ;;;;;Tunga ;;;;;;;;;;;;Osteoporose;;;;;OSCAR ;;;;Frésia;;Guariroba;;;;;;;Zezinho dono da porquinha preta;;;;;Champiot;;;;;;;;;;;;Porque;;;;;;;;;;Carreteiro ;Ultranotícias ;mastiff;;;;;Bordertown;;; Porto;;;;
Virtuosa;;;npr.org;;;;;;;; Garth Brooks;;;;;Ugo Foscolo ;;;;;;;;;;;;Pé-de-Atleta;;;;;PELÉ ;;;;Gardênia;;Heisteria;;;;;;;;;;;;Charabanc;;;;;;;;;;;;Primero;;;;;;;;;;Carroceiro ;Uni Duni Tê ;Old English Sheepdog;;;;;Bosch;;; Querétaro;;;;
Workaholic;;;nytimes.com;;;;;;;; Gloria Estefan ;;;;;Ulrich Leman ;;;;;;;;;;;;Pedras Nos Rins;;;;;PETE SAMPRAS ;;;;Gerânio;;Himbeere;;;;;;;;;;;;Charrete;;;;;;;;;;;;Quién;;;;;;;;;;Carteiro ;Uá Uá ;Papillon;;;;;Boss;;; Sevilla;;;;
Xexelenta;;;office.com;;;;;;;; Hakim;;;;;Umberto Boccioni ;;;;;;;;;;;;Pele Oleosa;;;;;PLATINI ;;;;Girassol;;Ilama;;;;;;;;;;;;Chata;;;;;;;;;;;;realidad;;;;;;;;;;Cartomante ;Vestibulando ;Pastor Alemão (Capa Preta);;;;;Breaking Bad;;; Tijuana;;;;
;;;;;;;;;;; Ice Cube;;;;;;;;;;;;;;;;;;;;;;RAFAEL NADAL ;;;;;; Abacaxi;;;;;;;;;;;;;;;;;;;;;;;;;;;;;;;;;;; Ação ;;;;;;;;; Verona;;;;
;;;;;;;;;;; Jennifer Lopez ;;;;;;;;;;;;;;;;;;;;;;ROBERT SCHEIDT ;;;;;; Banana;;;;;;;;;;;;;;;;;;;;;;;;;;;;;;;;;;; Bambuluá ;;;;;;;;; Watford;;;;
;;;;;;;;;;; John Lennon;;;;;;;;;;;;;;;;;;;;;;ROCKY MARCIANO ;;;;;; Damasco;;;;;;;;;;;;;;;;;;;;;;;;;;;;;;;;;;; Dear (Sim;;;;;;;;; Yokohama;;;;
;;;;;;;;;;; Kirka;;;;;;;;;;;;;;;;;;;;;;ROGER FEDERER ;;;;;; Embaúba;;;;;;;;;;;;;;;;;;;;;;;;;;;;;;;;;;; Degrassi ;;;;;;;;; Zamora.;;;;
;;;;;;;;;;; Lara Li ;;;;;;;;;;;;;;;;;;;;;;ROGER MILLA ;;;;;; Gravatá;;;;;;;;;;;;;;;;;;;;;;;;;;;;;;;;;;; Fantasia ;;;;;;;;; Corinthians;;;;
;;;;;;;;;;; Madonna ;;;;;;;;;;;;;;;;;;;;;;ROMÁRIO ;;;;;; Heisteria;;;;;;;;;;;;;;;;;;;;;;;;;;;;;;;;;;; Gentalha ;;;;;;;;; Fiorentina;;;;
;;;;;;;;;;; Michael Jackson;;;;;;;;;;;;;;;;;;;;;;RONALDO ;;;;;; Jatobá;;;;;;;;;;;;;;;;;;;;;;;;;;;;;;;;;;; Ídolos ;;;;;;;;; Internazionale;;;;
;;;;;;;;;;; Nelly Furtado ;;;;;;;;;;;;;;;;;;;;;;SERENA WILLIAMS ;;;;;; Kabosu;;;;;;;;;;;;;;;;;;;;;;;;;;;;;;;;;;; Jogo Aberto ;;;;;;;;; Lazio;;;;
;;;;;;;;;;; Obie Trice;;;;;;;;;;;;;;;;;;;;;;SERGUEI BUBKA ;;;;;; Maçã;;;;;;;;;;;;;;;;;;;;;;;;;;;;;;;;;;; Legendários ;;;;;;;;; Once Caldas;;;;
;;;;;;;;;;; Phil Mogg;;;;;;;;;;;;;;;;;;;;;;SHAQUILLE O´NEAL ;;;;;; Nêspera;;;;;;;;;;;;;;;;;;;;;;;;;;;;;;;;;;; Mixturação ;;;;;;;;; Real Madrid;;;;
;;;;;;;;;;; Pixie Lott ;;;;;;;;;;;;;;;;;;;;;;SIMONE BILES ;;;;;; Pera;;;;;;;;;;;;;;;;;;;;;;;;;;;;;;;;;;; Olha Você ;;;;;;;;; Universitario;;;;
;;;;;;;;;;; Quina Barreiros ;;;;;;;;;;;;;;;;;;;;;;STEFFI GRAF ;;;;;; Quiuí;;;;;;;;;;;;;;;;;;;;;;;;;;;;;;;;;;; Perfil ;;;;;;;;; Xerez;;;;
;;;;;;;;;;; Rihanna ;;;;;;;;;;;;;;;;;;;;;;TIGER WOODS ;;;;;; Sapoti;;;;;;;;;;;;;;;;;;;;;;;;;;;;;;;;;;; Querida) ;;;;;;;;;;;;;
;;;;;;;;;;; Shakira ;;;;;;;;;;;;;;;;;;;;;;TINA THOMPSON ;;;;;; Tamarindo;;;;;;;;;;;;;;;;;;;;;;;;;;;;;;;;;;; Radar ;;;;;;;;;;;;;
;;;;;;;;;;; Stevie Wonder;;;;;;;;;;;;;;;;;;;;;;TOM BRADY ;;;;;; Veludo;;;;;;;;;;;;;;;;;;;;;;;;;;;;;;;;;;; Tentação ;;;;;;;;;;;;;
;;;;;;;;;;; Bambico;;;;;;;;;;;;;;;;;;;;;;USAIN BOLT ;;;;;; Wampi;;;;;;;;;;;;;;;;;;;;;;;;;;;;;;;;;;; Uá Uá ;;;;;;;;;;;;;
;;;;;;;;;;; Chris Brown;;;;;;;;;;;;;;;;;;;;;;VALENTINO ROSSI ;;;;;; Yuzu;;;;;;;;;;;;;;;;;;;;;;;;;;;;;;;;;;; Wiseguy (O Homem da Máfia) ;;;;;;;;;;;;;
;;;;;;;;;;; Eminem;;;;;;;;;;;;;;;;;;;;;;WAYNE GRETZKY ;;;;;; Zitrone.;;;;;;;;;;;;;;;;;;;;;;;;;;;;;;;;;;; X-Tudo ;;;;;;;;;;;;;
;;;;;;;;;;; Flo Rida;;;;;;;;;;;;;;;;;;;;;;YELENA ISINBAYEVA ;;;;;; Caju;;;;;;;;;;;;;;;;;;;;;;;;;;;;;;;;;;; Zapping ;;;;;;;;;;;;;
;;;;;;;;;;; Hadise ;;;;;;;;;;;;;;;;;;;;;;ZICO ;;;;;; Figo;;;;;;;;;;;;;;;;;;;;;;;;;;;;;;;;;;; Charme ;;;;;;;;;;;;;
;;;;;;;;;;; Inna ;;;;;;;;;;;;;;;;;;;;;;ZIDANE ;;;;;; Ingá;;;;;;;;;;;;;;;;;;;;;;;;;;;;;;;;;;; Ecoprático ;;;;;;;;;;;;;
;;;;;;;;;;; Kesha ;;;;;;;;;;;;;;;;;;;;;;;;;;;; Limão;;;;;;;;;;;;;;;;;;;;;;;;;;;;;;;;;;; Hebe ;;;;;;;;;;;;;
;;;;;;;;;;; Lucenzo;;;;;;;;;;;;;;;;;;;;;;;;;;;; Oxicoco;;;;;;;;;;;;;;;;;;;;;;;;;;;;;;;;;;; Karku (Karkú) ;;;;;;;;;;;;;
;;;;;;;;;;; Nelly;;;;;;;;;;;;;;;;;;;;;;;;;;;; Romã;;;;;;;;;;;;;;;;;;;;;;;;;;;;;;;;;;; Nação ;;;;;;;;;;;;;
;;;;;;;;;;; Orianthi ;;;;;;;;;;;;;;;;;;;;;;;;;;;; Uva;;;;;;;;;;;;;;;;;;;;;;;;;;;;;;;;;;; Quarta Total ;;;;;;;;;;;;;
;;;;;;;;;;; Quim Barreiros;;;;;;;;;;;;;;;;;;;;;;;;;;;; Xixá;;;;;;;;;;;;;;;;;;;;;;;;;;;;;;;;;;; Satiricom ;;;;;;;;;;;;;
;;;;;;;;;;; Rod Stewart;;;;;;;;;;;;;;;;;;;;;;;;;;;;;;;;;;;;;;;;;;;;;;;;;;;;;;;;;;;;;;; Vitrine ;;;;;;;;;;;;;
;;;;;;;;;;;;;;;;;;;;;;;;;;;;;;;;;;;;;;;;;;;;;;;;;;;;;;;;;;;;;;;;;;;;;;;;;; Yes;;;;;;;;;;;;;
